date,station_tmax_c,max_derived_from_hourly
2010-03-01,36.5,False
2010-03-02,36.28,False
2010-03-03,35.0,False
2010-03-04,35.5,False
2010-03-05,34.61,False
2010-03-06,32.78,False
2010-03-07,32.61,False
2010-03-08,35.0,False
2010-03-09,36.0,False
2010-03-10,36.78,False
2010-03-11,37.78,False
2010-03-12,39.39,False
2010-03-13,39.5,False
2010-03-14,38.78,False
2010-03-15,40.0,False
2010-03-16,39.89,False
2010-03-17,41.5,False
2010-03-18,42.5,False
2010-03-19,42.0,True
2010-03-20,43.0,False
2010-03-21,41.89,False
2010-03-22,39.22,False
2010-03-23,38.22,False
2010-03-24,37.28,False
2010-03-25,38.0,False
2010-03-26,38.0,False
2010-03-27,38.11,False
2010-03-28,39.0,False
2010-03-29,38.78,False
2010-03-30,40.11,False
2010-03-31,37.39,False
2010-04-01,37.39,False
2010-04-02,39.5,False
2010-04-03,37.72,False
2010-04-04,39.61,False
2010-04-05,40.11,False
2010-04-06,42.39,False
2010-04-07,43.39,False
2010-04-08,39.28,False
2010-04-09,40.5,False
2010-04-10,41.28,False
2010-04-11,41.72,False
2010-04-12,42.5,False
2010-04-13,42.39,False
2010-04-14,42.39,False
2010-04-15,44.22,False
2010-04-17,44.61,False
2010-04-18,43.72,False
2010-04-19,43.22,False
2010-04-20,42.39,False
2010-04-21,41.39,False
2010-04-22,40.39,False
2010-04-23,42.0,False
2010-04-24,42.5,False
2010-04-25,42.0,False
2010-04-26,42.28,False
2010-04-28,42.89,False
2010-04-29,43.0,False
2010-04-30,42.28,False
2010-05-01,41.61,False
2010-05-02,43.61,False
2010-05-03,43.89,False
2010-05-04,42.61,False
2010-05-05,43.0,False
2010-05-06,43.0,True
2010-05-07,42.22,False
2010-05-08,42.61,False
2010-05-09,42.72,False
2010-05-10,43.0,True
2010-05-11,43.5,False
2010-05-12,44.5,False
2010-05-13,44.61,False
2010-05-14,45.0,False
2010-05-15,43.22,False
2010-05-16,44.72,False
2010-05-17,44.0,False
2010-05-18,44.28,False
2010-05-19,44.5,False
2010-05-20,45.61,False
2010-05-21,47.0,True
2010-05-22,45.5,False
2010-05-23,45.78,False
2010-05-24,44.89,False
2010-05-25,44.39,False
2010-05-26,43.28,False
2010-05-27,43.5,False
2010-05-28,43.22,False
2010-05-29,43.11,False
2010-05-30,42.22,False
2010-05-31,42.28,False
2010-06-01,42.0,True
2010-06-02,38.0,True
2010-06-03,40.61,False
2010-06-04,40.39,False
2010-06-05,40.0,False
2010-06-06,39.0,True
2010-06-07,31.0,False
2010-06-08,36.5,False
2010-06-09,39.0,True
2010-06-10,41.11,False
2010-06-11,43.72,False
2010-06-12,44.39,False
2010-06-13,44.5,False
2010-06-14,40.78,False
2010-06-15,34.39,False
2010-06-16,36.22,False
2010-06-17,37.0,False
2010-06-18,39.61,False
2010-06-19,42.0,False
2010-06-20,42.39,False
2010-06-21,41.0,False
2010-06-22,39.78,False
2010-06-23,39.39,False
2010-06-24,38.78,False
2010-06-25,39.89,False
2010-06-26,40.39,False
2010-06-27,40.39,False
2010-06-28,40.89,False
2010-06-29,40.28,False
2010-06-30,40.39,False
2011-03-01,37.0,True
2011-03-02,38.0,True
2011-03-03,38.0,True
2011-03-04,36.0,True
2011-03-05,37.0,True
2011-03-06,39.0,True
2011-03-07,39.0,True
2011-03-08,38.0,True
2011-03-09,35.0,True
2011-03-10,35.0,True
2011-03-11,36.0,True
2011-03-12,37.0,True
2011-03-13,40.0,True
2011-03-14,42.0,True
2011-03-15,43.0,True
2011-03-16,40.0,True
2011-03-17,41.0,False
2011-03-18,41.0,True
2011-03-19,39.0,True
2011-03-20,37.11,False
2011-03-21,37.0,True
2011-03-22,37.0,True
2011-03-23,36.0,True
2011-03-24,37.0,True
2011-03-25,38.0,False
2011-03-26,40.0,True
2011-03-27,40.0,True
2011-03-28,39.5,False
2011-03-29,39.0,True
2011-03-30,37.0,True
2011-03-31,37.0,True
2011-04-01,37.0,False
2011-04-02,38.0,True
2011-04-03,37.0,True
2011-04-04,37.0,True
2011-04-05,39.0,True
2011-04-06,39.28,False
2011-04-07,41.0,True
2011-04-08,40.0,True
2011-04-09,40.0,True
2011-04-10,41.0,True
2011-04-11,41.0,True
2011-04-12,40.0,True
2011-04-13,39.0,True
2011-04-14,40.0,False
2011-04-15,41.0,True
2011-04-16,41.0,True
2011-04-17,39.0,False
2011-04-18,40.0,True
2011-04-19,40.0,True
2011-04-20,41.0,True
2011-04-21,42.0,True
2011-04-22,42.0,True
2011-04-23,43.0,True
2011-04-24,43.0,True
2011-04-29,40.0,True
2011-04-30,41.0,True
2011-05-01,41.0,True
2011-05-02,41.0,True
2011-05-03,40.0,True
2011-05-04,39.11,False
2011-05-05,41.0,True
2011-05-06,40.0,True
2011-05-07,40.0,True
2011-05-08,42.0,True
2011-05-09,42.0,False
2011-05-10,41.61,False
2011-05-11,42.0,True
2011-05-12,41.22,False
2011-05-13,42.0,True
2011-05-14,42.0,True
2011-05-15,43.0,True
2011-05-16,41.39,False
2011-05-17,43.0,True
2011-05-18,42.28,False
2011-05-19,44.0,True
2011-05-20,41.72,False
2011-05-21,39.61,False
2011-05-22,40.0,False
2011-05-23,40.39,False
2011-05-24,41.0,True
2011-05-25,41.39,False
2011-05-26,41.0,False
2011-05-27,41.0,False
2011-05-28,42.0,True
2011-05-29,42.0,True
2011-05-30,42.0,False
2011-05-31,42.22,False
2011-06-01,41.22,False
2011-06-02,40.22,False
2011-06-03,41.39,False
2011-06-04,41.0,True
2011-06-05,44.0,True
2011-06-06,43.0,True
2011-06-07,42.72,False
2011-06-08,39.78,False
2011-06-09,38.0,True
2011-06-10,39.0,True
2011-06-11,40.0,True
2011-06-12,38.0,True
2011-06-13,38.0,True
2011-06-14,40.28,False
2011-06-15,39.22,False
2011-06-16,39.5,False
2011-06-17,40.0,True
2011-06-18,40.0,True
2011-06-19,39.11,False
2011-06-20,39.0,False
2011-06-21,38.39,False
2011-06-22,39.0,True
2011-06-23,35.0,True
2011-06-24,36.0,True
2011-06-25,37.0,False
2011-06-26,39.0,True
2011-06-27,38.0,True
2011-06-28,36.0,True
2011-06-29,38.61,False
2011-06-30,38.0,False
2012-03-01,31.0,True
2012-03-02,32.0,True
2012-03-03,35.0,True
2012-03-04,36.0,True
2012-03-05,35.0,True
2012-03-06,31.0,False
2012-03-07,32.0,True
2012-03-08,30.0,True
2012-03-09,30.0,True
2012-03-10,31.0,False
2012-03-11,34.0,True
2012-03-12,32.0,False
2012-03-13,31.39,False
2012-03-14,33.0,False
2012-03-15,37.0,True
2012-03-16,39.0,True
2012-03-17,39.0,True
2012-03-18,39.0,True
2012-03-19,40.0,True
2012-03-20,36.0,True
2012-03-21,35.0,True
2012-03-22,37.0,True
2012-03-23,41.0,True
2012-03-24,40.0,True
2012-03-25,41.0,True
2012-03-26,40.0,True
2012-03-27,41.0,True
2012-03-28,41.0,True
2012-03-29,41.0,True
2012-03-30,41.0,True
2012-03-31,41.0,True
2012-04-01,42.0,True
2012-04-02,43.0,True
2012-04-03,43.0,True
2012-04-04,44.0,True
2012-04-05,43.0,True
2012-04-06,41.0,True
2012-04-07,42.0,True
2012-04-08,43.0,True
2012-04-09,44.0,True
2012-04-10,43.0,True
2012-04-11,42.0,True
2012-04-12,40.0,True
2012-04-13,39.0,True
2012-04-14,39.0,True
2012-04-15,41.0,True
2012-04-16,41.0,True
2012-04-17,40.0,False
2012-04-18,39.0,True
2012-04-19,39.0,True
2012-04-20,31.0,True
2012-04-21,39.0,True
2012-04-22,39.0,True
2012-04-23,37.0,True
2012-04-24,39.0,True
2012-04-25,40.0,True
2012-04-26,40.0,True
2012-04-27,41.0,True
2012-04-28,42.0,True
2012-05-01,43.0,True
2012-05-02,41.61,False
2012-05-03,42.0,True
2012-05-04,40.89,False
2012-05-05,39.39,False
2012-05-06,39.5,False
2012-05-07,39.89,False
2012-05-08,40.0,True
2012-05-09,41.0,False
2012-05-10,42.0,True
2012-05-11,42.0,True
2012-05-12,42.0,True
2012-05-13,40.0,True
2012-05-14,42.0,True
2012-05-15,43.0,True
2012-05-16,44.0,True
2012-05-17,43.0,True
2012-05-18,43.0,True
2012-05-19,43.0,True
2012-05-20,43.0,True
2012-05-21,43.0,True
2012-05-22,43.0,True
2012-05-23,45.0,True
2012-05-24,45.0,True
2012-05-25,44.0,True
2012-05-26,44.0,True
2012-05-27,43.0,True
2012-05-28,44.0,True
2012-05-29,45.0,True
2012-05-30,44.0,True
2012-05-31,43.0,True
2012-06-01,43.0,True
2012-06-02,43.0,True
2012-06-03,42.0,True
2012-06-04,42.0,True
2012-06-05,43.0,True
2012-06-06,41.0,True
2012-06-07,40.0,True
2012-06-08,38.39,False
2012-06-09,40.0,True
2012-06-10,40.0,True
2012-06-11,40.0,True
2012-06-12,42.0,True
2012-06-13,42.0,True
2012-06-14,39.0,False
2012-06-15,39.0,False
2012-06-16,38.0,True
2012-06-17,38.0,True
2012-06-18,42.0,True
2012-06-19,42.0,True
2012-06-20,40.0,True
2012-06-21,40.0,True
2012-06-22,39.0,True
2012-06-23,39.22,False
2012-06-24,40.0,True
2012-06-25,40.0,True
2012-06-26,40.0,True
2012-06-27,41.0,True
2012-06-28,40.0,True
2012-06-29,40.0,True
2012-06-30,40.0,True
2013-03-01,33.0,True
2013-03-02,34.0,True
2013-03-03,37.0,True
2013-03-04,38.0,True
2013-03-05,38.0,True
2013-03-06,39.0,True
2013-03-07,39.0,True
2013-03-08,40.0,True
2013-03-09,38.0,True
2013-03-10,37.0,True
2013-03-11,37.0,True
2013-03-12,37.0,True
2013-03-13,36.0,True
2013-03-14,37.0,True
2013-03-15,36.61,False
2013-03-16,36.28,False
2013-03-17,35.5,False
2013-03-18,36.72,False
2013-03-19,38.28,False
2013-03-20,36.22,False
2013-03-21,36.39,False
2013-03-22,37.0,True
2013-03-23,36.39,False
2013-03-24,34.89,False
2013-03-25,36.39,False
2013-03-26,37.39,False
2013-03-27,34.0,False
2013-03-28,36.0,True
2013-03-29,34.28,False
2013-03-30,36.0,True
2013-03-31,39.0,True
2013-04-01,40.0,True
2013-04-02,37.0,True
2013-04-03,36.0,True
2013-04-04,39.0,True
2013-04-05,39.11,False
2013-04-06,40.39,False
2013-04-07,39.0,True
2013-04-08,36.0,True
2013-04-09,37.0,True
2013-04-10,37.0,True
2013-04-11,38.0,True
2013-04-12,39.28,False
2013-04-13,41.0,True
2013-04-14,41.0,True
2013-04-15,41.22,False
2013-04-16,40.0,False
2013-04-17,38.0,False
2013-04-18,39.0,True
2013-04-19,40.0,True
2013-04-20,37.0,True
2013-04-21,36.39,False
2013-04-22,37.0,True
2013-04-23,38.0,True
2013-04-24,40.0,False
2013-04-25,41.0,True
2013-04-26,41.0,True
2013-04-27,43.0,True
2013-04-28,42.39,False
2013-04-29,42.0,True
2013-04-30,43.0,True
2013-05-01,45.0,True
2013-05-02,42.0,True
2013-05-03,43.0,True
2013-05-04,44.0,True
2013-05-05,43.0,True
2013-05-06,43.0,True
2013-05-07,44.0,True
2013-05-08,44.0,True
2013-05-09,43.0,True
2013-05-10,42.0,True
2013-05-11,42.0,True
2013-05-12,42.0,True
2013-05-13,42.0,True
2013-05-14,43.0,True
2013-05-15,44.0,True
2013-05-16,45.0,True
2013-05-17,45.0,True
2013-05-18,45.0,True
2013-05-19,45.0,True
2013-05-20,46.0,True
2013-05-21,45.0,True
2013-05-22,45.0,True
2013-05-23,44.0,True
2013-05-24,44.0,True
2013-05-25,43.0,True
2013-05-26,41.5,False
2013-05-27,42.0,True
2013-05-28,41.0,True
2013-05-29,42.0,True
2013-05-30,42.0,True
2013-05-31,43.0,True
2013-06-01,42.0,True
2013-06-02,43.0,True
2013-06-03,41.0,True
2013-06-04,41.0,True
2013-06-05,37.0,False
2013-06-06,41.0,True
2013-06-07,37.11,False
2013-06-08,39.0,False
2013-06-09,38.61,False
2013-06-10,32.0,True
2013-06-11,34.61,False
2013-06-12,34.61,False
2013-06-13,36.39,False
2013-06-14,38.0,True
2013-06-15,35.11,False
2013-06-16,39.0,True
2013-06-17,30.39,False
2013-06-18,33.0,True
2013-06-19,36.0,True
2013-06-20,37.0,True
2013-06-21,37.0,True
2013-06-22,37.0,True
2013-06-23,37.0,False
2013-06-24,37.0,True
2013-06-25,36.0,False
2013-06-26,34.0,True
2013-06-27,36.22,False
2013-06-28,36.28,False
2013-06-29,36.22,False
2013-06-30,36.0,False
2014-03-01,28.28,False
2014-03-02,29.11,False
2014-03-03,29.39,False
2014-03-04,32.0,True
2014-03-05,33.0,True
2014-03-06,32.72,False
2014-03-07,33.0,False
2014-03-08,34.0,True
2014-03-09,34.0,True
2014-03-10,35.0,True
2014-03-11,35.0,True
2014-03-12,33.28,False
2014-03-13,35.0,True
2014-03-14,37.0,True
2014-03-15,39.0,True
2014-03-16,39.0,True
2014-03-17,37.0,True
2014-03-18,34.0,True
2014-03-19,37.0,True
2014-03-20,38.0,True
2014-03-21,34.0,True
2014-03-22,36.0,True
2014-03-23,38.0,True
2014-03-24,37.0,True
2014-03-25,37.0,True
2014-03-26,38.0,True
2014-03-27,39.0,True
2014-03-28,39.0,True
2014-03-29,37.0,True
2014-03-30,38.0,True
2014-03-31,38.0,True
2014-04-01,37.0,True
2014-04-02,38.0,True
2014-04-03,39.0,True
2014-04-04,41.0,True
2014-04-05,42.0,True
2014-04-06,40.0,True
2014-04-07,39.0,True
2014-04-08,40.0,True
2014-04-09,40.0,True
2014-04-10,39.0,True
2014-04-11,40.0,True
2014-04-12,40.0,True
2014-04-13,40.0,True
2014-04-14,40.0,True
2014-04-15,41.0,True
2014-04-16,42.0,True
2014-04-17,40.0,True
2014-04-18,39.0,True
2014-04-19,39.0,True
2014-04-20,41.0,True
2014-04-21,38.0,True
2014-04-22,41.0,True
2014-04-23,41.0,True
2014-04-24,42.0,True
2014-04-25,42.0,True
2014-04-26,42.0,True
2014-05-01,44.0,True
2014-05-02,43.0,True
2014-05-03,43.0,True
2014-05-04,40.0,True
2014-05-05,42.0,True
2014-05-06,44.0,True
2014-05-07,45.0,True
2014-05-08,44.0,True
2014-05-09,43.0,True
2014-05-10,40.0,True
2014-05-11,41.0,True
2014-05-12,41.0,True
2014-05-13,39.61,False
2014-05-14,38.0,False
2014-05-15,39.0,True
2014-05-16,39.0,True
2014-05-17,40.0,True
2014-05-18,41.0,True
2014-05-19,42.0,True
2014-05-20,43.0,True
2014-05-21,44.0,True
2014-05-22,44.0,True
2014-05-23,43.28,False
2014-05-24,45.0,True
2014-05-25,43.0,True
2014-05-26,44.0,True
2014-05-27,46.0,True
2014-05-28,46.0,True
2014-05-29,46.0,True
2014-05-30,45.0,True
2014-05-31,44.0,True
2014-06-01,42.0,True
2014-06-02,46.0,True
2014-06-03,46.0,True
2014-06-04,47.0,True
2014-06-05,45.0,True
2014-06-06,46.0,True
2014-06-07,45.0,True
2014-06-08,46.0,True
2014-06-09,44.0,True
2014-06-10,42.0,False
2014-06-11,39.72,False
2014-06-12,40.11,False
2014-06-13,40.28,False
2014-06-14,40.0,False
2014-06-15,39.39,False
2014-06-16,37.39,False
2014-06-17,37.0,False
2014-06-18,39.0,False
2014-06-19,40.61,False
2014-06-20,41.0,False
2014-06-21,41.0,False
2014-06-22,41.0,True
2014-06-23,42.0,True
2014-06-24,41.0,True
2014-06-25,41.0,True
2014-06-26,41.0,True
2014-06-27,41.0,True
2014-06-28,41.0,True
2014-06-29,40.0,True
2014-06-30,40.0,True
2015-03-01,25.11,False
2015-03-02,26.0,True
2015-03-03,28.0,True
2015-03-04,29.0,True
2015-03-05,32.0,True
2015-03-06,34.0,True
2015-03-07,35.0,True
2015-03-08,34.0,True
2015-03-09,33.0,True
2015-03-10,33.0,True
2015-03-11,37.0,True
2015-03-12,37.0,True
2015-03-13,32.0,True
2015-03-14,33.0,False
2015-03-15,32.0,True
2015-03-16,31.0,False
2015-03-17,34.0,True
2015-03-18,35.0,True
2015-03-19,37.0,True
2015-03-20,39.0,True
2015-03-21,40.0,True
2015-03-22,42.0,True
2015-03-23,43.0,True
2015-03-24,43.0,True
2015-03-25,43.0,True
2015-03-26,43.0,True
2015-03-27,42.0,True
2015-03-28,42.0,True
2015-03-29,36.0,True
2015-03-30,38.0,True
2015-03-31,38.0,True
2015-04-01,39.0,True
2015-04-02,39.0,True
2015-04-03,39.0,True
2015-04-04,36.0,True
2015-04-05,36.0,True
2015-04-06,37.0,True
2015-04-07,38.0,True
2015-04-08,39.0,True
2015-04-09,41.0,True
2015-04-10,38.0,True
2015-04-11,36.39,False
2015-04-12,34.61,False
2015-04-13,34.0,True
2015-04-14,36.0,True
2015-04-15,37.0,True
2015-04-16,39.0,True
2015-04-22,43.0,True
2015-04-23,43.0,True
2015-04-24,41.0,True
2015-04-25,41.0,True
2015-04-26,43.0,True
2015-04-28,45.0,True
2015-04-29,45.0,True
2015-04-30,45.0,True
2015-05-01,44.0,True
2015-05-02,45.0,True
2015-05-03,45.0,True
2015-05-04,45.0,True
2015-05-05,45.0,True
2015-05-06,43.0,True
2015-05-07,45.0,True
2015-05-08,43.0,True
2015-05-09,44.0,True
2015-05-10,43.0,True
2015-05-11,43.0,True
2015-05-12,41.0,True
2015-05-13,43.0,True
2015-05-14,40.0,True
2015-05-15,45.0,True
2015-05-16,47.0,True
2015-05-17,47.0,True
2015-05-18,46.0,True
2015-05-19,46.0,True
2015-05-20,44.0,True
2015-05-21,46.0,True
2015-05-22,46.0,True
2015-05-23,45.0,True
2015-05-24,45.0,True
2015-05-25,45.0,True
2015-05-26,45.0,True
2015-05-27,45.0,True
2015-05-28,45.0,True
2015-05-29,45.0,True
2015-05-30,45.0,True
2015-05-31,46.0,True
2015-06-01,43.0,True
2015-06-02,40.39,False
2015-06-03,41.0,True
2015-06-04,43.0,True
2015-06-05,44.0,True
2015-06-06,45.0,True
2015-06-07,46.0,True
2015-06-08,38.0,False
2015-06-09,40.0,True
2015-06-10,38.22,False
2015-06-11,38.0,True
2015-06-12,41.0,True
2015-06-13,39.28,False
2015-06-14,40.0,True
2015-06-15,40.0,True
2015-06-16,39.0,True
2015-06-17,38.0,True
2015-06-18,39.0,True
2015-06-19,37.0,True
2015-06-20,39.0,True
2015-06-21,39.0,True
2015-06-22,36.0,True
2015-06-23,34.0,False
2015-06-24,30.0,True
2015-06-25,35.0,True
2015-06-26,36.5,False
2015-06-27,36.78,False
2015-06-28,37.28,False
2015-06-29,36.22,False
2015-06-30,37.0,False
2016-03-01,38.0,True
2016-03-02,37.0,True
2016-03-03,36.0,True
2016-03-04,36.0,True
2016-03-05,35.0,True
2016-03-06,35.0,True
2016-03-07,34.0,True
2016-03-08,35.0,True
2016-03-09,36.0,True
2016-03-10,36.0,True
2016-03-11,37.0,True
2016-03-12,34.0,True
2016-03-13,33.0,True
2016-03-14,34.0,True
2016-03-15,35.0,True
2016-03-16,37.0,True
2016-03-17,37.0,True
2016-03-18,38.0,True
2016-03-19,39.0,True
2016-03-20,39.0,True
2016-03-21,39.0,True
2016-03-22,38.0,True
2016-03-23,40.0,True
2016-03-24,43.0,True
2016-03-25,41.0,True
2016-03-26,39.0,True
2016-03-27,39.0,True
2016-03-28,40.0,True
2016-03-29,40.0,True
2016-03-30,41.0,True
2016-03-31,39.0,True
2016-04-01,40.0,True
2016-04-02,41.0,True
2016-04-03,40.0,True
2016-04-04,38.0,True
2016-04-05,38.0,True
2016-04-06,37.0,True
2016-04-07,37.0,True
2016-04-08,38.0,True
2016-04-09,39.0,True
2016-04-10,40.0,True
2016-04-11,39.0,True
2016-04-12,41.0,True
2016-04-13,42.0,True
2016-04-14,42.0,True
2016-04-15,42.0,True
2016-04-16,41.0,True
2016-04-17,41.0,True
2016-04-18,40.0,True
2016-04-19,41.0,True
2016-04-20,41.0,True
2016-04-21,41.0,True
2016-04-22,41.0,True
2016-04-23,40.0,True
2016-04-24,39.0,True
2016-04-25,39.0,True
2016-04-26,38.0,True
2016-04-27,42.0,True
2016-05-01,44.0,True
2016-05-02,43.0,True
2016-05-03,44.0,True
2016-05-04,40.0,True
2016-05-05,41.0,True
2016-05-06,41.0,True
2016-05-07,42.0,True
2016-05-08,44.0,True
2016-05-09,43.0,True
2016-05-10,45.0,True
2016-05-11,45.0,True
2016-05-12,46.0,True
2016-05-13,46.0,True
2016-05-14,46.0,True
2016-05-15,46.0,True
2016-05-16,46.0,True
2016-05-17,47.0,True
2016-05-18,50.0,True
2016-05-19,50.0,True
2016-05-20,47.0,True
2016-05-21,45.0,True
2016-05-22,44.0,True
2016-05-23,45.0,True
2016-05-24,43.0,True
2016-05-25,43.0,True
2016-05-26,42.0,True
2016-05-27,42.0,True
2016-05-28,42.0,True
2016-05-29,42.0,True
2016-05-30,43.0,True
2016-05-31,43.0,True
2016-06-01,41.0,True
2016-06-02,43.0,True
2016-06-03,44.0,True
2016-06-04,46.0,True
2016-06-05,47.0,True
2016-06-06,46.0,True
2016-06-07,45.0,True
2016-06-08,45.0,True
2016-06-09,43.0,True
2016-06-10,41.0,True
2016-06-11,41.0,True
2016-06-12,43.0,True
2016-06-13,42.0,True
2016-06-14,41.0,True
2016-06-15,42.0,True
2016-06-16,41.0,True
2016-06-17,40.0,True
2016-06-18,40.0,True
2016-06-19,34.0,True
2016-06-20,39.61,True
2016-06-21,39.0,True
2016-06-22,35.78,True
2016-06-23,38.0,True
2016-06-24,38.0,True
2016-06-25,38.0,True
2016-06-26,37.0,True
2016-06-27,38.0,True
2016-06-28,39.0,True
2016-06-29,34.0,True
2016-06-30,36.0,True
2017-03-01,36.0,True
2017-03-02,34.0,True
2017-03-03,34.0,True
2017-03-04,33.0,True
2017-03-05,33.0,True
2017-03-06,35.0,True
2017-03-07,35.0,True
2017-03-08,34.0,True
2017-03-09,33.0,True
2017-03-10,33.0,True
2017-03-11,30.0,True
2017-03-12,31.0,True
2017-03-13,33.0,True
2017-03-14,34.0,True
2017-03-15,35.0,True
2017-03-16,37.0,True
2017-03-17,36.0,True
2017-03-18,37.0,True
2017-03-19,35.0,True
2017-03-20,36.0,True
2017-03-21,38.0,True
2017-03-22,39.0,True
2017-03-23,37.22,True
2017-03-24,39.0,True
2017-03-25,39.0,True
2017-03-26,41.0,True
2017-03-27,43.0,True
2017-03-28,42.0,True
2017-03-29,42.0,True
2017-03-30,40.0,True
2017-03-31,40.0,True
2017-04-01,40.0,True
2017-04-02,39.0,True
2017-04-03,39.0,True
2017-04-04,37.0,True
2017-04-05,39.0,True
2017-04-06,39.0,True
2017-04-07,35.0,True
2017-04-08,38.0,True
2017-04-09,39.0,True
2017-04-10,40.0,True
2017-04-11,42.0,True
2017-04-12,43.0,True
2017-04-14,44.0,True
2017-04-15,43.0,True
2017-04-16,43.0,True
2017-04-17,42.0,True
2017-04-18,43.0,True
2017-04-19,42.0,True
2017-04-20,41.0,True
2017-04-21,39.0,True
2017-04-22,38.39,True
2017-04-23,37.0,True
2017-04-24,37.0,True
2017-04-25,38.0,True
2017-04-26,38.22,True
2017-04-27,41.0,True
2017-04-28,39.0,True
2017-04-29,39.78,True
2017-04-30,40.0,True
2017-05-01,41.0,True
2017-05-02,42.0,True
2017-05-03,42.0,True
2017-05-04,43.0,True
2017-05-05,43.0,True
2017-05-06,43.0,True
2017-05-07,43.0,True
2017-05-08,43.0,True
2017-05-09,42.0,True
2017-05-10,43.0,True
2017-05-11,42.0,True
2017-05-12,43.0,True
2017-05-13,44.0,True
2017-05-14,43.0,True
2017-05-15,43.0,True
2017-05-16,43.0,True
2017-05-17,43.0,True
2017-05-18,43.0,True
2017-05-19,44.0,True
2017-05-20,42.0,True
2017-05-21,40.0,True
2017-05-22,41.0,True
2017-05-23,41.0,True
2017-05-24,41.61,True
2017-05-25,43.0,True
2017-05-26,43.0,True
2017-05-27,42.0,True
2017-05-28,40.61,True
2017-05-29,39.39,True
2017-05-30,41.0,True
2017-05-31,40.0,True
2017-06-01,40.0,True
2017-06-02,42.0,True
2017-06-03,42.0,True
2017-06-04,40.0,True
2017-06-05,41.0,True
2017-06-06,41.0,True
2017-06-07,40.0,True
2017-06-08,40.0,True
2017-06-09,39.0,True
2017-06-10,37.0,True
2017-06-11,39.0,True
2017-06-12,40.0,True
2017-06-13,41.0,True
2017-06-14,40.0,True
2017-06-15,40.0,True
2017-06-16,40.61,True
2017-06-17,40.0,True
2017-06-18,40.0,True
2017-06-19,40.0,True
2017-06-20,39.22,True
2017-06-21,39.0,True
2017-06-22,38.0,True
2017-06-23,39.0,True
2017-06-24,37.0,True
2017-06-25,38.0,True
2017-06-26,35.0,True
2017-06-27,34.0,True
2017-06-28,35.0,True
2017-06-29,33.0,True
2017-06-30,33.0,True
2018-03-01,37.0,True
2018-03-02,38.0,True
2018-03-03,36.0,True
2018-03-04,36.0,True
2018-03-05,37.0,True
2018-03-06,36.0,True
2018-03-07,36.0,True
2018-03-08,38.0,True
2018-03-09,37.0,True
2018-03-10,38.0,True
2018-03-11,39.0,True
2018-03-12,39.0,True
2018-03-13,36.0,True
2018-03-14,37.0,True
2018-03-15,37.0,True
2018-03-16,38.0,True
2018-03-17,38.0,True
2018-03-18,38.0,True
2018-03-19,35.0,True
2018-03-20,36.0,True
2018-03-21,36.0,True
2018-03-22,35.0,True
2018-03-23,37.0,True
2018-03-24,39.0,True
2018-03-25,41.0,True
2018-03-26,42.0,True
2018-03-27,42.0,True
2018-03-28,43.0,True
2018-03-29,44.0,True
2018-03-30,44.0,True
2018-03-31,43.0,True
2018-04-01,42.0,True
2018-04-02,42.0,True
2018-04-03,42.0,True
2018-04-04,42.0,True
2018-04-05,40.0,True
2018-04-06,41.0,True
2018-04-07,42.0,True
2018-04-08,41.0,True
2018-04-09,41.0,True
2018-04-10,41.0,True
2018-04-11,41.0,True
2018-04-12,42.0,True
2018-04-13,42.0,True
2018-04-15,42.0,True
2018-04-16,42.0,True
2018-04-17,42.0,True
2018-04-20,42.0,True
2018-04-21,40.0,True
2018-04-22,41.0,True
2018-04-23,43.0,True
2018-04-24,43.0,True
2018-04-25,43.0,True
2018-04-26,44.0,True
2018-05-01,45.0,True
2018-05-02,46.0,True
2018-05-03,42.0,True
2018-05-04,42.0,True
2018-05-05,45.0,True
2018-05-06,44.0,True
2018-05-07,43.0,True
2018-05-08,42.0,True
2018-05-09,44.0,True
2018-05-10,46.0,True
2018-05-11,47.0,True
2018-05-12,45.0,True
2018-05-13,45.0,True
2018-05-14,43.0,True
2018-05-15,45.0,True
2018-05-16,46.0,True
2018-05-17,47.0,True
2018-05-18,47.0,True
2018-05-19,44.0,True
2018-05-20,46.0,True
2018-05-21,46.0,True
2018-05-22,46.0,True
2018-05-23,48.0,True
2018-05-24,45.0,True
2018-05-25,44.0,True
2018-05-26,47.0,True
2018-05-27,48.0,True
2018-05-28,47.0,True
2018-05-29,45.0,True
2018-05-30,43.0,True
2018-05-31,43.0,True
2018-06-01,42.0,True
2018-06-02,44.0,True
2018-06-03,43.0,True
2018-06-04,44.0,True
2018-06-05,45.0,True
2018-06-06,45.0,True
2018-06-07,45.0,True
2018-06-08,44.0,True
2018-06-09,42.0,True
2018-06-10,42.0,True
2018-06-11,42.0,True
2018-06-12,43.0,True
2018-06-13,44.0,True
2018-06-14,43.0,True
2018-06-15,41.0,True
2018-06-16,42.0,True
2018-06-17,42.0,True
2018-06-18,41.0,True
2018-06-19,42.0,True
2018-06-20,44.0,True
2018-06-21,43.0,True
2018-06-22,42.0,True
2018-06-23,41.0,True
2018-06-24,34.0,True
2018-06-25,38.0,True
2018-06-26,36.0,True
2018-06-27,38.0,True
2018-06-28,40.0,True
2018-06-29,38.0,True
2018-06-30,39.0,True
2019-03-01,30.0,True
2019-03-02,34.22,True
2019-03-03,31.0,True
2019-03-04,29.0,True
2019-03-05,30.22,True
2019-03-06,31.0,True
2019-03-07,34.0,True
2019-03-08,32.0,True
2019-03-09,32.0,True
2019-03-10,35.0,True
2019-03-11,31.0,True
2019-03-12,33.0,True
2019-03-13,30.61,True
2019-03-14,31.0,True
2019-03-15,32.61,True
2019-03-16,33.0,True
2019-03-17,35.0,True
2019-03-18,35.0,True
2019-03-19,38.0,True
2019-03-20,35.0,True
2019-03-21,36.0,True
2019-03-22,37.0,True
2019-03-23,38.0,True
2019-03-24,39.0,True
2019-03-25,38.0,True
2019-03-26,38.0,True
2019-03-27,41.0,True
2019-03-28,43.0,True
2019-03-29,43.0,True
2019-03-30,43.0,True
2019-03-31,42.0,True
2019-04-01,42.0,True
2019-04-02,43.0,True
2019-04-03,43.0,True
2019-04-05,42.0,True
2019-04-06,41.0,True
2019-04-07,43.0,True
2019-04-08,42.0,True
2019-04-09,42.0,True
2019-04-10,42.0,True
2019-04-11,43.0,True
2019-04-13,43.0,True
2019-04-15,39.0,True
2019-04-16,35.0,True
2019-04-17,35.0,True
2019-04-18,37.0,True
2019-04-19,38.0,True
2019-04-20,40.0,True
2019-04-21,41.0,True
2019-04-22,42.0,True
2019-04-23,44.0,True
2019-04-24,43.0,True
2019-04-25,43.0,True
2019-04-30,44.0,True
2019-05-01,42.0,True
2019-05-02,43.0,True
2019-05-03,41.39,True
2019-05-04,41.0,True
2019-05-05,42.0,True
2019-05-06,42.0,True
2019-05-07,43.0,True
2019-05-08,40.39,True
2019-05-09,39.0,True
2019-05-10,40.0,True
2019-05-11,41.0,True
2019-05-12,42.0,True
2019-05-13,43.0,True
2019-05-14,42.0,True
2019-05-15,40.0,True
2019-05-16,41.0,True
2019-05-17,40.0,True
2019-05-18,41.0,True
2019-05-19,42.0,True
2019-05-20,43.0,True
2019-05-21,43.0,True
2019-05-22,43.0,True
2019-05-23,43.0,True
2019-05-24,43.0,True
2019-05-25,43.0,True
2019-05-26,43.0,True
2019-05-27,44.0,True
2019-05-28,45.0,True
2019-05-29,45.0,True
2019-05-30,45.0,True
2019-05-31,44.0,True
2019-06-01,45.0,True
2019-06-02,46.0,True
2019-06-03,45.0,True
2019-06-04,44.0,True
2019-06-05,44.0,True
2019-06-06,44.0,True
2019-06-07,46.0,True
2019-06-08,45.0,True
2019-06-09,45.0,True
2019-06-10,44.0,True
2019-06-11,44.0,True
2019-06-12,42.0,True
2019-06-13,36.0,True
2019-06-14,37.0,True
2019-06-15,34.61,True
2019-06-16,37.0,True
2019-06-17,35.0,True
2019-06-18,32.0,True
2019-06-19,36.0,True
2019-06-20,37.0,True
2019-06-21,39.0,True
2019-06-22,40.0,True
2019-06-23,40.0,True
2019-06-24,33.39,True
2019-06-25,35.0,True
2019-06-26,35.0,True
2019-06-27,37.0,True
2019-06-28,34.0,True
2019-06-29,34.61,True
2019-06-30,38.0,True
2020-03-01,35.0,True
2020-03-02,34.0,True
2020-03-03,34.0,True
2020-03-04,33.0,True
2020-03-05,30.39,True
2020-03-06,28.0,True
2020-03-07,30.0,True
2020-03-08,31.0,True
2020-03-09,33.0,True
2020-03-10,32.22,True
2020-03-11,29.39,True
2020-03-12,29.0,True
2020-03-13,29.0,True
2020-03-14,30.39,True
2020-03-15,32.0,True
2020-03-16,33.39,True
2020-03-17,36.0,True
2020-03-18,38.0,True
2020-03-19,39.0,True
2020-03-20,34.0,True
2020-03-21,35.0,True
2020-03-22,37.0,True
2020-03-23,39.0,True
2020-03-24,38.0,True
2020-03-25,36.0,True
2020-03-26,33.22,True
2020-03-27,31.0,True
2020-03-28,34.0,True
2020-03-29,36.0,True
2020-03-30,39.0,True
2020-03-31,38.0,True
2020-04-01,36.0,True
2020-04-02,38.0,True
2020-04-03,39.0,True
2020-04-04,41.0,True
2020-04-05,41.0,True
2020-04-06,41.0,True
2020-04-07,39.0,True
2020-04-08,39.0,True
2020-04-09,39.0,True
2020-04-10,42.0,True
2020-04-11,43.0,True
2020-04-12,43.0,True
2020-04-13,44.0,True
2020-04-14,43.0,True
2020-04-15,41.0,True
2020-04-16,41.0,True
2020-04-17,40.0,True
2020-04-18,40.0,True
2020-04-19,41.0,True
2020-04-20,40.0,True
2020-04-21,41.0,True
2020-04-24,41.0,True
2020-04-25,40.0,True
2020-04-26,42.0,True
2020-04-27,41.0,True
2020-04-28,43.0,True
2020-05-01,44.0,True
2020-05-02,44.0,True
2020-05-03,44.0,True
2020-05-04,43.0,True
2020-05-05,43.0,True
2020-05-06,44.0,True
2020-05-07,43.0,True
2020-05-08,45.0,True
2020-05-09,43.0,True
2020-05-10,43.0,True
2020-05-11,42.0,True
2020-05-12,42.0,True
2020-05-13,43.0,True
2020-05-14,42.0,True
2020-05-15,43.0,True
2020-05-16,43.0,True
2020-05-17,43.0,True
2020-05-18,43.0,True
2020-05-19,43.0,True
2020-05-20,45.0,True
2020-05-21,45.0,True
2020-05-22,45.0,True
2020-05-23,44.0,True
2020-05-24,44.0,True
2020-05-25,45.0,True
2020-05-26,45.0,True
2020-05-27,45.0,True
2020-05-28,45.0,True
2020-05-29,43.0,True
2020-05-30,42.0,True
2020-05-31,42.0,True
2020-06-01,42.0,True
2020-06-02,39.0,True
2020-06-03,39.0,True
2020-06-04,41.0,True
2020-06-05,39.0,True
2020-06-06,37.22,True
2020-06-07,34.0,True
2020-06-08,36.0,True
2020-06-09,37.22,True
2020-06-10,39.0,True
2020-06-11,36.78,True
2020-06-12,39.0,True
2020-06-13,34.0,True
2020-06-14,34.0,True
2020-06-15,36.0,True
2020-06-16,37.0,True
2020-06-17,36.22,True
2020-06-18,36.39,True
2020-06-19,37.0,True
2020-06-20,37.0,True
2020-06-21,36.22,True
2020-06-22,37.0,True
2020-06-23,37.22,True
2020-06-24,35.39,True
2020-06-25,38.0,True
2020-06-26,38.0,True
2020-06-27,38.0,True
2020-06-28,38.39,True
2020-06-29,39.0,True
2020-06-30,36.0,True
2021-03-01,35.0,True
2021-03-02,37.0,True
2021-03-03,37.0,True
2021-03-04,37.0,True
2021-03-05,40.0,True
2021-03-06,39.0,True
2021-03-07,37.22,True
2021-03-08,37.0,True
2021-03-09,38.0,True
2021-03-10,38.0,True
2021-03-11,37.0,True
2021-03-12,37.0,True
2021-03-13,37.0,True
2021-03-14,38.0,True
2021-03-15,39.0,True
2021-03-16,39.0,True
2021-03-17,40.0,True
2021-03-18,38.11,False
2021-03-19,38.0,True
2021-03-20,38.0,True
2021-03-21,39.0,True
2021-03-22,40.0,True
2021-03-23,39.0,True
2021-03-24,39.0,True
2021-03-25,38.0,True
2021-03-26,40.0,True
2021-03-27,42.0,True
2021-03-28,44.0,True
2021-03-29,42.0,True
2021-03-30,41.0,True
2021-03-31,42.0,True
2021-04-01,41.0,True
2021-04-02,42.0,True
2021-04-03,43.0,True
2021-04-04,42.0,True
2021-04-05,42.0,True
2021-04-06,43.0,True
2021-04-07,42.0,True
2021-04-08,42.0,True
2021-04-09,42.0,True
2021-04-10,43.0,True
2021-04-12,44.0,True
2021-04-13,43.0,True
2021-04-14,42.0,True
2021-04-15,41.0,True
2021-04-16,41.0,True
2021-04-17,41.0,True
2021-04-18,42.0,True
2021-04-19,43.0,True
2021-04-20,40.0,True
2021-04-21,41.0,True
2021-04-22,41.0,True
2021-04-23,42.0,True
2021-04-24,40.0,True
2021-04-25,43.0,True
2021-05-01,41.0,True
2021-05-02,42.0,True
2021-05-03,42.0,True
2021-05-04,42.0,True
2021-05-05,43.0,True
2021-05-06,43.0,True
2021-05-07,43.0,True
2021-05-08,44.0,True
2021-05-09,44.0,True
2021-05-10,42.0,True
2021-05-11,42.0,True
2021-05-12,42.0,False
2021-05-13,42.0,True
2021-05-14,43.0,True
2021-05-15,44.0,True
2021-05-16,45.0,True
2021-05-17,37.0,True
2021-05-18,29.0,True
2021-05-19,34.0,True
2021-05-20,38.0,True
2021-05-21,37.0,True
2021-05-22,38.0,True
2021-05-23,39.0,True
2021-05-24,41.0,True
2021-05-25,42.0,True
2021-05-26,39.0,True
2021-05-27,39.0,True
2021-05-28,39.0,True
2021-05-29,38.0,True
2021-05-30,41.0,True
2021-05-31,38.0,True
2021-06-01,38.0,True
2021-06-02,39.0,True
2021-06-03,40.0,True
2021-06-04,39.0,True
2021-06-05,38.0,True
2021-06-06,38.0,True
2021-06-07,39.0,True
2021-06-08,39.0,True
2021-06-09,39.0,True
2021-06-10,39.0,True
2021-06-11,40.0,True
2021-06-12,40.0,True
2021-06-13,40.0,True
2021-06-14,40.0,True
2021-06-15,41.0,True
2021-06-16,39.0,True
2021-06-17,34.0,True
2021-06-18,33.0,True
2021-06-19,31.0,True
2021-06-20,30.61,True
2021-06-21,31.0,True
2021-06-22,33.0,True
2021-06-23,35.0,True
2021-06-24,33.0,True
2021-06-25,35.61,True
2021-06-26,36.0,True
2021-06-27,37.0,True
2021-06-28,35.0,True
2021-06-29,36.61,True
2021-06-30,36.78,True
2022-03-01,35.0,True
2022-03-02,37.0,True
2022-03-03,35.0,True
2022-03-04,34.0,True
2022-03-05,34.0,True
2022-03-06,37.0,True
2022-03-07,38.0,True
2022-03-08,37.0,True
2022-03-09,37.0,True
2022-03-10,37.0,True
2022-03-11,37.0,True
2022-03-12,38.0,True
2022-03-13,39.0,True
2022-03-14,41.0,True
2022-03-15,43.0,True
2022-03-16,41.0,True
2022-03-17,40.0,True
2022-03-18,40.0,True
2022-03-19,39.0,True
2022-03-20,38.0,True
2022-03-21,40.0,True
2022-03-22,39.0,True
2022-03-23,37.0,True
2022-03-24,37.0,True
2022-03-25,39.0,True
2022-03-26,41.0,True
2022-03-27,41.0,True
2022-03-28,42.0,True
2022-03-29,41.0,True
2022-03-30,41.0,True
2022-03-31,41.0,True
2022-04-01,42.0,True
2022-04-02,41.0,True
2022-04-03,43.0,True
2022-04-04,43.0,True
2022-04-05,43.0,True
2022-04-06,42.0,True
2022-04-07,43.0,True
2022-04-09,42.0,True
2022-04-10,42.0,True
2022-04-11,40.0,True
2022-04-12,42.0,True
2022-04-13,42.0,True
2022-04-14,41.0,True
2022-04-15,41.0,True
2022-04-16,42.11,False
2022-04-17,42.39,False
2022-04-18,42.22,False
2022-04-19,41.22,False
2022-04-20,39.61,False
2022-04-22,42.0,True
2022-04-23,42.0,True
2022-04-25,42.11,False
2022-04-26,43.0,True
2022-05-01,45.0,True
2022-05-02,44.0,True
2022-05-03,42.0,True
2022-05-04,43.0,True
2022-05-05,43.0,True
2022-05-06,44.0,True
2022-05-07,44.0,True
2022-05-08,46.0,True
2022-05-09,45.0,True
2022-05-10,46.0,True
2022-05-11,48.0,True
2022-05-12,48.0,True
2022-05-13,43.28,False
2022-05-14,44.0,True
2022-05-15,45.0,True
2022-05-16,44.0,True
2022-05-17,43.0,True
2022-05-18,44.0,True
2022-05-19,44.0,True
2022-05-20,45.0,True
2022-05-21,43.0,True
2022-05-22,42.0,True
2022-05-23,41.22,False
2022-05-24,41.0,False
2022-05-25,42.0,True
2022-05-26,43.0,True
2022-05-27,42.0,True
2022-05-28,42.0,True
2022-05-29,41.0,False
2022-05-30,42.0,False
2022-05-31,43.0,True
2022-06-01,45.0,True
2022-06-02,45.0,True
2022-06-03,44.0,True
2022-06-04,44.0,True
2022-06-05,44.0,True
2022-06-06,44.0,True
2022-06-07,43.0,True
2022-06-08,42.0,True
2022-06-09,42.0,True
2022-06-10,42.0,True
2022-06-11,42.0,True
2022-06-12,40.0,False
2022-06-13,35.0,True
2022-06-14,39.0,True
2022-06-15,41.0,True
2022-06-16,39.5,False
2022-06-17,41.0,True
2022-06-18,39.89,False
2022-06-19,40.0,True
2022-06-20,41.0,True
2022-06-21,40.28,False
2022-06-22,40.0,True
2022-06-23,39.0,True
2022-06-24,41.0,True
2022-06-25,43.0,True
2022-06-26,44.0,True
2022-06-27,35.5,False
2022-06-28,38.0,True
2022-06-29,40.0,True
2022-06-30,39.0,True
2023-03-01,36.61,True
2023-03-02,37.0,True
2023-03-03,38.72,False
2023-03-04,37.78,True
2023-03-05,35.61,True
2023-03-06,37.0,True
2023-03-07,34.0,True
2023-03-08,35.61,True
2023-03-09,35.0,True
2023-03-10,35.78,True
2023-03-11,37.0,True
2023-03-12,36.0,True
2023-03-13,36.22,True
2023-03-14,37.39,True
2023-03-15,31.0,True
2023-03-16,35.0,True
2023-03-17,34.61,True
2023-03-18,35.0,True
2023-03-19,32.0,True
2023-03-20,31.61,True
2023-03-21,33.0,True
2023-03-22,33.0,True
2023-03-23,34.0,True
2023-03-24,34.39,True
2023-03-25,31.61,True
2023-03-26,34.0,True
2023-03-27,35.39,True
2023-03-28,36.0,True
2023-03-29,36.0,True
2023-03-30,34.78,True
2023-03-31,33.61,True
2023-04-01,35.0,True
2023-04-02,35.61,True
2023-04-03,35.61,True
2023-04-04,35.22,True
2023-04-05,37.22,True
2023-04-06,37.78,True
2023-04-07,35.61,True
2023-04-08,38.78,True
2023-04-09,39.61,True
2023-04-10,40.22,True
2023-04-11,40.61,True
2023-04-12,38.39,True
2023-04-13,39.0,True
2023-04-14,39.61,True
2023-04-15,39.61,True
2023-04-16,39.61,True
2023-04-17,41.39,True
2023-04-18,40.22,True
2023-04-19,39.39,True
2023-04-20,38.61,True
2023-04-21,37.78,True
2023-04-22,39.0,True
2023-04-23,39.61,True
2023-04-24,39.0,True
2023-04-25,39.61,True
2023-04-26,40.22,True
2023-04-27,38.39,True
2023-04-28,38.39,True
2023-04-29,32.78,True
2023-04-30,33.78,True
2023-05-01,35.0,True
2023-05-02,35.39,True
2023-05-03,36.61,True
2023-05-04,38.39,True
2023-05-05,39.0,True
2023-05-06,38.61,True
2023-05-07,40.39,True
2023-05-08,41.0,True
2023-05-09,42.0,True
2023-05-10,43.22,True
2023-05-11,43.0,True
2023-05-12,44.0,True
2023-05-13,44.39,True
2023-05-14,43.39,True
2023-05-15,41.0,True
2023-05-16,40.61,True
2023-05-17,41.0,True
2023-05-18,41.39,True
2023-05-19,41.61,True
2023-05-20,41.61,True
2023-05-21,42.22,True
2023-05-22,42.0,True
2023-05-23,41.78,True
2023-05-24,42.22,True
2023-05-25,42.39,True
2023-05-26,40.61,True
2023-05-27,41.39,True
2023-05-28,39.0,True
2023-05-29,35.61,True
2023-05-30,36.39,True
2023-05-31,41.0,True
2023-06-01,40.89,False
2023-06-02,39.0,True
2023-06-03,39.0,True
2023-06-04,36.0,True
2023-06-05,39.0,True
2023-06-06,39.78,True
2023-06-07,38.39,True
2023-06-08,39.0,True
2023-06-09,40.39,True
2023-06-10,39.0,True
2023-06-11,38.0,True
2023-06-12,37.61,True
2023-06-13,37.22,True
2023-06-14,38.28,False
2023-06-15,35.11,False
2023-06-16,32.0,True
2023-06-17,33.0,True
2023-06-18,34.39,True
2023-06-19,35.61,True
2023-06-20,35.61,True
2023-06-21,37.0,True
2023-06-22,37.0,True
2023-06-23,35.78,True
2023-06-24,33.39,True
2023-06-25,35.22,False
2023-06-26,30.78,True
2023-06-27,33.22,True
2023-06-28,32.78,True
2023-06-29,29.0,True
2023-06-30,33.0,True
2024-03-01,35.22,True
2024-03-02,31.61,True
2024-03-03,26.0,True
2024-03-04,28.0,True
2024-03-05,30.39,True
2024-03-06,32.22,False
2024-03-07,32.61,True
2024-03-08,33.22,True
2024-03-09,32.61,True
2024-03-10,34.22,True
2024-03-11,35.39,True
2024-03-12,34.22,True
2024-03-13,34.0,True
2024-03-14,33.0,True
2024-03-15,33.78,True
2024-03-16,35.22,False
2024-03-17,35.39,True
2024-03-18,36.22,True
2024-03-19,36.61,True
2024-03-20,37.61,True
2024-03-21,37.0,True
2024-03-22,38.39,True
2024-03-23,38.0,True
2024-03-24,36.61,True
2024-03-25,38.0,True
2024-03-26,39.39,True
2024-03-27,40.22,True
2024-04-01,30.0,True
2024-04-02,29.0,True
2024-04-03,36.78,True
2024-04-04,35.61,True
2024-04-05,36.39,True
2024-04-06,37.39,True
2024-04-07,38.61,True
2024-04-08,40.0,True
2024-04-09,40.39,True
2024-04-10,41.22,True
2024-04-11,37.61,True
2024-04-12,37.39,True
2024-04-13,37.0,True
2024-04-14,38.39,True
2024-04-15,39.22,True
2024-04-16,40.0,True
2024-04-17,40.0,True
2024-04-19,39.5,False
2024-04-20,37.61,False
2024-04-21,37.72,False
2024-04-22,39.0,False
2024-04-23,39.39,True
2024-04-24,40.22,True
2024-04-25,40.61,True
2024-04-26,39.39,True
2024-04-27,39.5,True
2024-04-28,40.22,True
2024-04-29,40.22,True
2024-04-30,39.61,True
2024-05-02,40.0,True
2024-05-03,41.0,True
2024-05-04,40.61,True
2024-05-05,39.0,True
2024-05-06,40.61,True
2024-05-07,42.39,True
2024-05-08,42.61,True
2024-05-09,42.0,True
2024-05-10,40.61,True
2024-05-11,41.0,True
2024-05-12,41.61,True
2024-05-13,41.39,True
2024-05-14,37.0,True
2024-05-15,39.39,True
2024-05-16,43.0,True
2024-05-17,43.61,True
2024-05-18,44.0,True
2024-05-19,44.39,True
2024-05-20,44.0,True
2024-05-21,44.39,True
2024-05-22,45.39,True
2024-05-23,46.22,True
2024-05-24,45.39,True
2024-05-25,43.39,True
2024-05-26,43.0,True
2024-05-27,45.0,True
2024-05-28,43.39,True
2024-05-29,41.39,True
2024-05-30,43.0,True
2024-05-31,42.39,True
2024-06-01,41.61,True
2024-06-02,41.39,True
2024-06-03,41.61,True
2024-06-04,41.39,True
2024-06-05,41.39,True
2024-06-06,41.61,True
2024-06-07,42.39,True
2024-06-08,41.78,True
2024-06-09,43.0,True
2024-06-10,39.61,True
2024-06-11,40.22,True
2024-06-12,40.78,True
2024-06-13,41.22,True
2024-06-14,39.22,True
2024-06-15,39.78,True
2024-06-16,40.22,True
2024-06-17,40.61,True
2024-06-18,40.0,True
2024-06-19,37.78,True
2024-06-20,39.22,True
2024-06-21,40.0,True
2024-06-22,40.39,True
2024-06-23,38.39,True
2024-06-24,36.39,True
2024-06-25,34.39,True
2024-06-26,36.61,True
2024-06-27,35.61,True
2024-06-28,35.61,True
2024-06-29,33.0,True
2024-06-30,31.78,True
2025-03-01,33.78,True
2025-03-02,34.22,True
2025-03-03,34.61,True
2025-03-04,32.39,True
2025-03-05,31.39,True
2025-03-06,34.0,True
2025-03-07,37.39,True
2025-03-08,37.61,True
2025-03-09,38.61,True
2025-03-10,39.39,True
2025-03-11,40.39,True
2025-03-12,40.0,True
2025-03-13,38.78,True
2025-03-14,38.0,True
2025-03-15,36.61,True
2025-03-16,36.61,True
2025-03-17,36.0,True
2025-03-18,36.0,True
2025-03-19,36.22,True
2025-03-20,35.0,True
2025-03-21,36.39,True
2025-03-22,37.61,True
2025-03-23,39.61,True
2025-03-24,39.39,True
2025-03-25,40.22,True
2025-03-26,37.39,True
2025-03-27,35.39,True
2025-03-28,36.0,True
2025-03-29,36.22,True
2025-03-30,38.22,True
2025-03-31,39.39,True
2025-04-01,39.78,True
2025-04-02,40.0,True
2025-04-03,39.61,True
2025-04-04,40.61,True
2025-04-05,41.61,True
2025-04-06,42.39,True
2025-04-07,42.39,True
2025-04-08,42.78,True
2025-04-09,43.0,True
2025-04-10,43.0,True
2025-04-11,37.61,True
2025-04-12,38.61,True
2025-04-13,41.39,True
2025-04-14,42.22,True
2025-04-15,42.0,True
2025-04-16,41.78,True
2025-04-17,41.78,True
2025-04-19,40.39,True
2025-04-20,39.61,True
2025-04-21,40.61,True
2025-04-22,41.22,True
2025-04-23,42.39,True
2025-04-24,42.0,True
2025-04-25,41.39,True
2025-04-26,40.39,True
2025-04-27,41.61,True
2025-04-28,42.61,True
2025-04-29,43.78,True
2025-04-30,42.78,True
2025-05-01,43.0,True
2025-05-02,42.61,True
2025-05-03,40.61,True
2025-05-04,37.0,True
2025-05-05,38.39,True
2025-05-06,33.61,True
2025-05-07,26.61,True
2025-05-08,32.61,True
2025-05-09,34.22,True
2025-05-10,35.61,True
2025-05-11,36.61,True
2025-05-12,37.61,True
2025-05-13,38.0,True
2025-05-14,38.61,True
2025-05-15,38.78,True
2025-05-16,38.61,True
2025-05-17,37.39,True
2025-05-18,39.0,True
2025-05-19,38.61,True
2025-05-20,41.0,False
2025-05-21,39.39,True
2025-05-22,40.78,True
2025-05-23,41.0,True
2025-05-24,42.78,True
2025-05-25,40.78,True
2025-05-26,39.39,True
2025-05-27,36.39,True
2025-05-28,39.0,True
2025-05-29,36.0,True
2025-05-30,38.0,True
2025-05-31,38.0,True
2025-06-01,37.61,True
2025-06-02,37.39,True
2025-06-03,37.39,True
2025-06-04,37.39,True
2025-06-05,38.22,True
2025-06-06,40.0,True
2025-06-07,40.39,True
2025-06-08,39.0,True
2025-06-09,40.61,True
2025-06-10,40.0,True
2025-06-11,40.39,True
2025-06-12,41.78,True
2025-06-13,40.39,True
2025-06-14,40.78,True
2025-06-15,37.39,True
2025-06-16,35.78,True
2025-06-17,28.22,True
2025-06-18,32.39,True
2025-06-19,31.0,True
2025-06-20,34.0,True
2025-06-21,31.22,True
2025-06-22,32.61,True
2025-06-23,30.39,True
2025-06-24,30.39,True
2025-06-25,32.39,True
2025-06-26,32.61,True
2025-06-27,30.78,True
2025-06-28,31.0,True
2025-06-29,28.39,True
2025-06-30,31.39,True
