date,deaths,reference_deaths_avg_2009_2011,deaths_read_figure1,deaths_read_figure2
2010-05-01,101,109,100.7,101.3
2010-05-02,120,103,119.8,121.2
2010-05-03,141,92,139.8,142.0
2010-05-04,110,105,110.3,110.5
2010-05-05,115,96,114.7,116.1
2010-05-06,108,94,110.0,105.9
2010-05-07,125,104,124.7,125.2
2010-05-08,120,105,119.6,120.7
2010-05-09,131,112,130.3,131.3
2010-05-10,118,111,117.8,118.6
2010-05-11,122,94,121.8,122.7
2010-05-12,125,96,124.9,125.7
2010-05-13,127,84,126.5,127.3
2010-05-14,134,105,133.4,134.9
2010-05-15,122,98,122.1,122.7
2010-05-16,135,87,135.4,135.4
2010-05-17,116,101,116.0,116.6
2010-05-18,104,102,103.4,103.9
2010-05-19,156,104,155.4,156.8
2010-05-20,201,107,201.4,201.0
2010-05-21,308,109,306.5,308.8
2010-05-22,248,105,248.7,248.3
2010-05-23,228,105,227.9,228.5
2010-05-24,202,79,201.6,201.5
2010-05-25,174,113,173.4,174.1
2010-05-26,170,94,168.7,170.5
2010-05-27,132,94,132.5,132.4
2010-05-28,121,114,121.2,121.7
2010-05-29,147,109,146.0,147.6
2010-05-30,109,101,109.4,109.5
2010-05-31,92,108,92.0,92.2
